REM INSERTING into cen_customer
Insert into  cen_CUSTOMER (CUSTOMERID,LASTNAME,FIRSTNAME,ADDRESS,CITY,STATE,ZIP) values 
	(1,'Landry','Greg','109 Franklin','Oviedo','FL','32762');
Insert into  cen_CUSTOMER (CUSTOMERID,LASTNAME,FIRSTNAME,ADDRESS,CITY,STATE,ZIP) values 
	(2,'Lomas','Lorenzo','2301 54th','Norcross','GA','30010');
Insert into  cen_CUSTOMER (CUSTOMERID,LASTNAME,FIRSTNAME,ADDRESS,CITY,STATE,ZIP) values 
	(3,'Kent','Sally','76 Lemon','Sanford','FL','32773');
Insert into  cen_CUSTOMER (CUSTOMERID,LASTNAME,FIRSTNAME,ADDRESS,CITY,STATE,ZIP) values 
	(4,'Talma','Theresa','9843 Western','Beauford','SC','29902');
Insert into  cen_CUSTOMER (CUSTOMERID,LASTNAME,FIRSTNAME,ADDRESS,CITY,STATE,ZIP) values 
	(5,'Lynch','Victor','210 Blaine','Oviedo','FL','32762');
Insert into  cen_CUSTOMER (CUSTOMERID,LASTNAME,FIRSTNAME,ADDRESS,CITY,STATE,ZIP) values 
	(6,'West','Wally','909 76th','Winter Springs','FL','32708');
Insert into  cen_CUSTOMER (CUSTOMERID,LASTNAME,FIRSTNAME,ADDRESS,CITY,STATE,ZIP) values 
	(7,'Quincy','Sam','4543 54th','Dekalb','GA','60015');
Insert into  cen_CUSTOMER (CUSTOMERID,LASTNAME,FIRSTNAME,ADDRESS,CITY,STATE,ZIP) values 
	(8,'Edwards','Ed','6453 102nd','Oviedo','FL','32762');
Insert into  cen_CUSTOMER (CUSTOMERID,LASTNAME,FIRSTNAME,ADDRESS,CITY,STATE,ZIP) values 
	(9,'Franklin','Sue','4 Lexington','Sanford','FL','32773');
Insert into  cen_CUSTOMER (CUSTOMERID,LASTNAME,FIRSTNAME,ADDRESS,CITY,STATE,ZIP) values 
	(10,'Smith','Sam','121 Kent #5','Marietta','GA','30006');
Insert into  cen_CUSTOMER (CUSTOMERID,LASTNAME,FIRSTNAME,ADDRESS,CITY,STATE,ZIP) values 
	(11,'Jenkins','Sherry','9842 Sparrow','Oviedo','FL','32762');
Insert into  cen_CUSTOMER (CUSTOMERID,LASTNAME,FIRSTNAME,ADDRESS,CITY,STATE,ZIP) values 
	(12,'Palmer','Franco','94834 Apple','Beauford','SC','29902');
Insert into  cen_CUSTOMER (CUSTOMERID,LASTNAME,FIRSTNAME,ADDRESS,CITY,STATE,ZIP) values 
	(13,'Morales','Lourdes','2 Wren','Geneva','FL','32732');
Insert into  cen_CUSTOMER (CUSTOMERID,LASTNAME,FIRSTNAME,ADDRESS,CITY,STATE,ZIP) values 
	(14,'Chin','Chen','34 Robin','Winter Springs','FL','32708');
Insert into  cen_CUSTOMER (CUSTOMERID,LASTNAME,FIRSTNAME,ADDRESS,CITY,STATE,ZIP) values 
	(15,'Tran','Von','99 Elm','Winter Springs','FL','32708');
Insert into  cen_CUSTOMER (CUSTOMERID,LASTNAME,FIRSTNAME,ADDRESS,CITY,STATE,ZIP) values 
	(16,'Smith','Larry','433 First','Winter Springs','FL','32708');
Insert into  cen_CUSTOMER (CUSTOMERID,LASTNAME,FIRSTNAME,ADDRESS,CITY,STATE,ZIP) values 
	(17,'Washington','Mary','2374 Spruce','Lake Mary','FL','32746');
Insert into  cen_CUSTOMER (CUSTOMERID,LASTNAME,FIRSTNAME,ADDRESS,CITY,STATE,ZIP) values 
	(18,'Protho','Tom','4374 Euclid #4','Sanford','FL','32773');
Insert into  cen_CUSTOMER (CUSTOMERID,LASTNAME,FIRSTNAME,ADDRESS,CITY,STATE,ZIP) values 
	(19,'Cashman','Zac','2122 Tree Top','Sanford','FL','32773');
Insert into  cen_CUSTOMER (CUSTOMERID,LASTNAME,FIRSTNAME,ADDRESS,CITY,STATE,ZIP) values 
	(20,'O''Brien','Nancy','43 Central','Lake Mary','FL','32746');
Insert into  cen_CUSTOMER (CUSTOMERID,LASTNAME,FIRSTNAME,ADDRESS,CITY,STATE,ZIP) values 
	(100,'Senata','Rich','1109 Janey','Oviedo','FL','32708');

REM INSERTING into cen_mechanic

Insert into cen_mechanic (MECHANICID,LASTNAME,FIRSTNAME,SSN,ADDRESS,CITY,STATE,ZIP,BASERATE) values 
	(1,'Smith','Jane','123-44-3214','1 East St','Lake','FL',32754, 46.13);
Insert into cen_mechanic (MECHANICID,LASTNAME,FIRSTNAME,SSN,ADDRESS,CITY,STATE,ZIP,BASERATE) values 
	(2,'Johnson','Jill','214-23-1423','3094 Edgewood','Seaview','FL',32708, 58.28);
Insert into cen_mechanic (MECHANICID,LASTNAME,FIRSTNAME,SSN,ADDRESS,CITY,STATE,ZIP,BASERATE) values 
	(3,'Kerry','Larry','823-82-8348','9234 Logan Ave','Lakeside','FL',32743, 67.5);
Insert into cen_mechanic (MECHANICID,LASTNAME,FIRSTNAME,SSN,ADDRESS,CITY,STATE,ZIP,BASERATE) values 
	(4,'Johnson','John','124-12-4124','3485 Robin','Lincol','FL',32554, 58.28);
Insert into cen_mechanic (MECHANICID,LASTNAME,FIRSTNAME,SSN,ADDRESS,CITY,STATE,ZIP,BASERATE) values 
	(5,'Johnson','Bill','823-48-2384','22 201st St','Lakeside','FL',32773, 58.28);
Insert into cen_mechanic (MECHANICID,LASTNAME,FIRSTNAME,SSN,ADDRESS,CITY,STATE,ZIP,BASERATE) values 
	(6,'Johnson','Mary','921-34-9214','32141 Elm','Pleasant','FL',32089, 58.28);
Insert into cen_mechanic (MECHANICID,LASTNAME,FIRSTNAME,SSN,ADDRESS,CITY,STATE,ZIP,BASERATE) values 
	(7,'Johnson','Roger','123-41-2412','32141 Elm','Pleasant','FL',32089, 90);
Insert into cen_mechanic (MECHANICID,LASTNAME,FIRSTNAME,SSN,ADDRESS,CITY,STATE,ZIP,BASERATE) values 
	(8,'Williams','Greg','235-23-9523','3125 Pine','Trenton','GA',12421, 58.28);
Insert into cen_mechanic (MECHANICID,LASTNAME,FIRSTNAME,SSN,ADDRESS,CITY,STATE,ZIP,BASERATE) values 
	(9,'Reese','Ed','021-93-4029','54 Rose','Fort Smith','AK',92181, 112.5);
Insert into cen_mechanic (MECHANICID,LASTNAME,FIRSTNAME,SSN,ADDRESS,CITY,STATE,ZIP,BASERATE) values 
	(10,'West','Thomas','023-48-9232','44 Magnolia','Eureka','FL',32474, 58.28);
Insert into cen_mechanic (MECHANICID,LASTNAME,FIRSTNAME,SSN,ADDRESS,CITY,STATE,ZIP,BASERATE) values 
	(11,'Brokaw','Misty','124-39-8121','3243 Pine','Trenton','GA',12421, 58.28);
Insert into cen_mechanic (MECHANICID,LASTNAME,FIRSTNAME,SSN,ADDRESS,CITY,STATE,ZIP,BASERATE) values 
	(12,'Casteel','Mandy','013-21-4212','42 Hwy 19','Osage','MS',23412, 101.25);
Insert into cen_mechanic (MECHANICID,LASTNAME,FIRSTNAME,SSN,ADDRESS,CITY,STATE,ZIP,BASERATE) values 
	(13,'Thomas','Tommy','023-04-3242','634 Doodle','Sunshine','FL',21241, 123.75);
Insert into cen_mechanic (MECHANICID,LASTNAME,FIRSTNAME,SSN,ADDRESS,CITY,STATE,ZIP,BASERATE) values 
	(14,'Looper','David','012-41-2001','4211 Redwood','Lakeside','FL',32743, 58.28);
Insert into cen_mechanic (MECHANICID,LASTNAME,FIRSTNAME,SSN,ADDRESS,CITY,STATE,ZIP,BASERATE) values 
	(15,'Smithson','Fred','012-23-4523','121 Redbud','Lakeside','FL',32743, 58.28);
Insert into cen_mechanic (MECHANICID,LASTNAME,FIRSTNAME,SSN,ADDRESS,CITY,STATE,ZIP,BASERATE) values 
	(16,'Benjamin','Jack','235-02-0352','34211 Oak','Lakeside','FL',32743, 123.75);
Insert into cen_mechanic (MECHANICID,LASTNAME,FIRSTNAME,SSN,ADDRESS,CITY,STATE,ZIP,BASERATE) values 
	(17,'Jense','Patty','230-23-0520','32 Sentry','Lakeside','FL',32744, 58.28);
Insert into cen_mechanic (MECHANICID,LASTNAME,FIRSTNAME,SSN,ADDRESS,CITY,STATE,ZIP,BASERATE) values 
	(18,'Smith','Sally','123-01-2341','142 Wester','West Oak','GA',12421, 123.75);

REM INSERTING into cen_repair

Insert into cen_repair (REPAIRID,DESCRIPTION,STANDARDHOURS,CATEGORY) values (1,'Oil change',0.5,'Lube');
Insert into cen_repair (REPAIRID,DESCRIPTION,STANDARDHOURS,CATEGORY) values (3,'Brake pads',1.5,'Brakes');
Insert into cen_repair (REPAIRID,DESCRIPTION,STANDARDHOURS,CATEGORY) values (4,'Turn rotors',1,'Brakes');
Insert into cen_repair (REPAIRID,DESCRIPTION,STANDARDHOURS,CATEGORY) values (5,'Chg transmission fluid',3,'Fluids');
Insert into cen_repair (REPAIRID,DESCRIPTION,STANDARDHOURS,CATEGORY) values (6,'Coolant',2,'Fluids');
Insert into cen_repair (REPAIRID,DESCRIPTION,STANDARDHOURS,CATEGORY) values (7,'Tire pressure',0.25,'Tires');
Insert into cen_repair (REPAIRID,DESCRIPTION,STANDARDHOURS,CATEGORY) values (8,'General diagnosis',1,'General');
Insert into cen_repair (REPAIRID,DESCRIPTION,STANDARDHOURS,CATEGORY) values (9,'PCV',1,'Exhaust');
Insert into cen_repair (REPAIRID,DESCRIPTION,STANDARDHOURS,CATEGORY) values (10,'Oil filter',0.5,'Filters');
Insert into cen_repair (REPAIRID,DESCRIPTION,STANDARDHOURS,CATEGORY) values (11,'Air filter',0.25,'Filters');
Insert into cen_repair (REPAIRID,DESCRIPTION,STANDARDHOURS,CATEGORY) values (12,'Cabin filter',0.25,'Filters');
Insert into cen_repair (REPAIRID,DESCRIPTION,STANDARDHOURS,CATEGORY) values (13,'Replace muffler',1.8,'Exhaust');
Insert into cen_repair (REPAIRID,DESCRIPTION,STANDARDHOURS,CATEGORY) values (14,'Catalytic convertor',4,'Exhaust');
Insert into cen_repair (REPAIRID,DESCRIPTION,STANDARDHOURS,CATEGORY) values (15,'Ball joint lube',0.5,'Lube');
Insert into cen_repair (REPAIRID,DESCRIPTION,STANDARDHOURS,CATEGORY) values (16,'Brake fluid',1.5,'Fluids');
Insert into cen_repair (REPAIRID,DESCRIPTION,STANDARDHOURS,CATEGORY) values (17,'Alignment',3,'Tires');
Insert into cen_repair (REPAIRID,DESCRIPTION,STANDARDHOURS,CATEGORY) values (18,'Balance',1,'Tires');
Insert into cen_repair (REPAIRID,DESCRIPTION,STANDARDHOURS,CATEGORY) values (2,'Fix flat tire',0.5,'Tires');

REM INSERTING into cen_salesperson

Insert into cen_saleSPERSON (SALESPERSONID,LASTNAME,FIRSTNAME,SSN,ADDRESS,CITY,STATE,ZIP) values 
	(1,'Smith','Jane','123-44-3214','1 East St','Lake','FL',32754);
Insert into cen_saleSPERSON (SALESPERSONID,LASTNAME,FIRSTNAME,SSN,ADDRESS,CITY,STATE,ZIP) values 
	(2,'Johnson','Jill','214-23-1423','3094 Edgewood','Seaview','FL',32999);
Insert into cen_saleSPERSON (SALESPERSONID,LASTNAME,FIRSTNAME,SSN,ADDRESS,CITY,STATE,ZIP) values 
	(3,'Kerry','Larry','823-82-8348','9234 Logan Ave','Lakeside','FL',32743);
Insert into cen_saleSPERSON (SALESPERSONID,LASTNAME,FIRSTNAME,SSN,ADDRESS,CITY,STATE,ZIP) values 
	(4,'Johnson','John','124-12-4124','3485 Robin','Lincol','FL',32554);
Insert into cen_saleSPERSON (SALESPERSONID,LASTNAME,FIRSTNAME,SSN,ADDRESS,CITY,STATE,ZIP) values 
	(5,'Johnson','Bill','823-48-2384','22 201st St','Lakeside','FL',32743);
Insert into cen_saleSPERSON (SALESPERSONID,LASTNAME,FIRSTNAME,SSN,ADDRESS,CITY,STATE,ZIP) values 
	(6,'Johnson','Mary','921-34-9214','32141 Elm','Pleasant','FL',32089);
Insert into cen_saleSPERSON (SALESPERSONID,LASTNAME,FIRSTNAME,SSN,ADDRESS,CITY,STATE,ZIP) values 
	(7,'Johnson','Roger','123-41-2412','32141 Elm','Pleasant','FL',32089);
Insert into cen_saleSPERSON (SALESPERSONID,LASTNAME,FIRSTNAME,SSN,ADDRESS,CITY,STATE,ZIP) values 
	(8,'Williams','Greg','235-23-9523','3125 Pine','Trenton','GA',12421);
Insert into cen_saleSPERSON (SALESPERSONID,LASTNAME,FIRSTNAME,SSN,ADDRESS,CITY,STATE,ZIP) values 
	(9,'Reese','Ed','021-93-4029','54 Rose','Fort Smith','AK',92181);
Insert into cen_saleSPERSON (SALESPERSONID,LASTNAME,FIRSTNAME,SSN,ADDRESS,CITY,STATE,ZIP) values 
	(10,'West','Thomas','023-48-9232','44 Magnolia','Eureka','FL',32474);
Insert into cen_saleSPERSON (SALESPERSONID,LASTNAME,FIRSTNAME,SSN,ADDRESS,CITY,STATE,ZIP) values 
	(11,'Brokaw','Misty','124-39-8121','3243 Pine','Trenton','GA',12421);
Insert into cen_saleSPERSON (SALESPERSONID,LASTNAME,FIRSTNAME,SSN,ADDRESS,CITY,STATE,ZIP) values 
	(12,'Casteel','Mandy','013-21-4212','42 Hwy 19','Osage','MS',23412);
Insert into cen_saleSPERSON (SALESPERSONID,LASTNAME,FIRSTNAME,SSN,ADDRESS,CITY,STATE,ZIP) values 
	(13,'Looper','David','012-41-2001','4211 Redwood','Lakeside','FL',32743);
Insert into cen_saleSPERSON (SALESPERSONID,LASTNAME,FIRSTNAME,SSN,ADDRESS,CITY,STATE,ZIP) values 
	(14,'Smithson','Fred','012-23-4523','121 Redbud','Lakeside','FL',32743);
Insert into cen_saleSPERSON (SALESPERSONID,LASTNAME,FIRSTNAME,SSN,ADDRESS,CITY,STATE,ZIP) values 
	(15,'Benjamin','Jack','235-02-0352','34211 Oak','Lakeside','FL',32743);
Insert into cen_saleSPERSON (SALESPERSONID,LASTNAME,FIRSTNAME,SSN,ADDRESS,CITY,STATE,ZIP) values 
	(16,'Jense','Patty','230-23-0520','32 Sentry','Lakeside','FL',32744);
Insert into cen_saleSPERSON (SALESPERSONID,LASTNAME,FIRSTNAME,SSN,ADDRESS,CITY,STATE,ZIP) values 
	(17,'Smith','Milly','123-01-2341','142 Wester','West Oak','GA',12421);
Insert into cen_saleSPERSON (SALESPERSONID,LASTNAME,FIRSTNAME,SSN,ADDRESS,CITY,STATE,ZIP) values 
	(18,'Woods','Brent','555-34-4534','88043 Rosewood','Linden','FL',32778);

REM INSERTING into cen_vehicle

Insert into cen_vehicle (VIN,MAKE,MODEL,VEHICLEYEAR,COLOR,SUGGESTEDPRICE,SOLD,SALE_DISCOUNT) values 
	(1,'Ford','Taurus',2012,'Gray',35000,'Y',0);
Insert into cen_vehicle (VIN,MAKE,MODEL,VEHICLEYEAR,COLOR,SUGGESTEDPRICE,SOLD,SALE_DISCOUNT) values 
	(2,'Ford','Taurus',2012,'Gray',32000,'N',0.1);
Insert into cen_vehicle (VIN,MAKE,MODEL,VEHICLEYEAR,COLOR,SUGGESTEDPRICE,SOLD,SALE_DISCOUNT) values 
	(3,'Ford','Taurus',2012,'Blue',33000,'Y',0);
Insert into cen_vehicle (VIN,MAKE,MODEL,VEHICLEYEAR,COLOR,SUGGESTEDPRICE,SOLD,SALE_DISCOUNT) values 
	(4,'Ford','Taurus',2012,'White',42000,'Y',0);
Insert into cen_vehicle (VIN,MAKE,MODEL,VEHICLEYEAR,COLOR,SUGGESTEDPRICE,SOLD,SALE_DISCOUNT) values 
	(5,'Ford','Taurus',2012,'White',37000,'Y',0);
Insert into cen_vehicle (VIN,MAKE,MODEL,VEHICLEYEAR,COLOR,SUGGESTEDPRICE,SOLD,SALE_DISCOUNT) values 
	(6,'Ford','Flex',2012,'Black',43000,'N',0.1);
Insert into cen_vehicle (VIN,MAKE,MODEL,VEHICLEYEAR,COLOR,SUGGESTEDPRICE,SOLD,SALE_DISCOUNT) values 
	(7,'Ford','Flex',2012,'Black',41000,'Y',0);
Insert into cen_vehicle (VIN,MAKE,MODEL,VEHICLEYEAR,COLOR,SUGGESTEDPRICE,SOLD,SALE_DISCOUNT) values 
	(8,'Ford','Flex',2012,'Red',41000,'N',0.1);
Insert into cen_vehicle (VIN,MAKE,MODEL,VEHICLEYEAR,COLOR,SUGGESTEDPRICE,SOLD,SALE_DISCOUNT) values 
	(9,'Ford','Flex',2012,'White',45000,'N',0.1);
Insert into cen_vehicle (VIN,MAKE,MODEL,VEHICLEYEAR,COLOR,SUGGESTEDPRICE,SOLD,SALE_DISCOUNT) values 
	(10,'Ford','Flex',2012,'White',40000,'N',0.1);
Insert into cen_vehicle (VIN,MAKE,MODEL,VEHICLEYEAR,COLOR,SUGGESTEDPRICE,SOLD,SALE_DISCOUNT) values 
	(11,'Mercury','Mila',2011,'Red',28000,'Y',0);
Insert into cen_vehicle (VIN,MAKE,MODEL,VEHICLEYEAR,COLOR,SUGGESTEDPRICE,SOLD,SALE_DISCOUNT) values 
	(12,'Mercury','Mila',2011,'White',28000,'Y',0);
Insert into cen_vehicle (VIN,MAKE,MODEL,VEHICLEYEAR,COLOR,SUGGESTEDPRICE,SOLD,SALE_DISCOUNT) values 
	(13,'Mercury','Mila',2011,'Blue',29000,'Y',0);
Insert into cen_vehicle (VIN,MAKE,MODEL,VEHICLEYEAR,COLOR,SUGGESTEDPRICE,SOLD,SALE_DISCOUNT) values 
	(14,'Mercury','Mila',2011,'White',29000,'Y',0);
Insert into cen_vehicle (VIN,MAKE,MODEL,VEHICLEYEAR,COLOR,SUGGESTEDPRICE,SOLD,SALE_DISCOUNT) values 
	(15,'Mercury','Grand Marquis',2011,'Black',31000,'Y',0);
Insert into cen_vehicle (VIN,MAKE,MODEL,VEHICLEYEAR,COLOR,SUGGESTEDPRICE,SOLD,SALE_DISCOUNT) values 
	(16,'Mercury','Grand Marquis',2011,'Gray',32000,'Y',0);
Insert into cen_vehicle (VIN,MAKE,MODEL,VEHICLEYEAR,COLOR,SUGGESTEDPRICE,SOLD,SALE_DISCOUNT) values 
	(17,'Mercury','Grand Marquis',2011,'Gray',31000,'Y',0);
Insert into cen_vehicle (VIN,MAKE,MODEL,VEHICLEYEAR,COLOR,SUGGESTEDPRICE,SOLD,SALE_DISCOUNT) values 
	(18,'Mercury','Mountaineer',2011,'Black',33000,'Y',0);
Insert into cen_vehicle (VIN,MAKE,MODEL,VEHICLEYEAR,COLOR,SUGGESTEDPRICE,SOLD,SALE_DISCOUNT) values 
	(19,'Lincoln','MKZ',2012,'White',34000,'N',0.1);
Insert into cen_vehicle (VIN,MAKE,MODEL,VEHICLEYEAR,COLOR,SUGGESTEDPRICE,SOLD,SALE_DISCOUNT) values 
	(20,'Lincoln','MKZ',2012,'White',34000,'N',0.1);
Insert into cen_vehicle (VIN,MAKE,MODEL,VEHICLEYEAR,COLOR,SUGGESTEDPRICE,SOLD,SALE_DISCOUNT) values 
	(21,'Lincoln','MKZ',2012,'Gray',35000,'N',0.1);
Insert into cen_vehicle (VIN,MAKE,MODEL,VEHICLEYEAR,COLOR,SUGGESTEDPRICE,SOLD,SALE_DISCOUNT) values 
	(22,'Lincoln','MKZ',2011,'Gray',31000,'Y',0);
Insert into cen_vehicle (VIN,MAKE,MODEL,VEHICLEYEAR,COLOR,SUGGESTEDPRICE,SOLD,SALE_DISCOUNT) values 
	(23,'Lincoln','MKS',2012,'White',43000,'N',0.1);
Insert into cen_vehicle (VIN,MAKE,MODEL,VEHICLEYEAR,COLOR,SUGGESTEDPRICE,SOLD,SALE_DISCOUNT) values 
	(24,'Lincoln','MKS',2012,'Black',43000,'N',0.1);
Insert into cen_vehicle (VIN,MAKE,MODEL,VEHICLEYEAR,COLOR,SUGGESTEDPRICE,SOLD,SALE_DISCOUNT) values 
	(25,'Ford','Focus',2011,'Red',17000,'Y',0);
Insert into cen_vehicle (VIN,MAKE,MODEL,VEHICLEYEAR,COLOR,SUGGESTEDPRICE,SOLD,SALE_DISCOUNT) values 
	(26,'Ford','Focus',2011,'Red',17000,'Y',0);
Insert into cen_vehicle (VIN,MAKE,MODEL,VEHICLEYEAR,COLOR,SUGGESTEDPRICE,SOLD,SALE_DISCOUNT) values 
	(27,'Ford','Focus',2011,'Blue',16000,'Y',0);
Insert into cen_vehicle (VIN,MAKE,MODEL,VEHICLEYEAR,COLOR,SUGGESTEDPRICE,SOLD,SALE_DISCOUNT) values 
	(28,'Ford','Focus',2011,'Blue',19000,'Y',0);
Insert into cen_vehicle (VIN,MAKE,MODEL,VEHICLEYEAR,COLOR,SUGGESTEDPRICE,SOLD,SALE_DISCOUNT) values 
	(29,'Ford','Focus',2012,'White',17000,'N',0.1);
Insert into cen_vehicle (VIN,MAKE,MODEL,VEHICLEYEAR,COLOR,SUGGESTEDPRICE,SOLD,SALE_DISCOUNT) values 
	(30,'Ford','Focus',2012,'Red',18000,'N',0.1);
Insert into cen_vehicle (VIN,MAKE,MODEL,VEHICLEYEAR,COLOR,SUGGESTEDPRICE,SOLD,SALE_DISCOUNT) values 
	(31,'Ford','Focus',2012,'Blue',19000,'Y',0);
Insert into cen_vehicle (VIN,MAKE,MODEL,VEHICLEYEAR,COLOR,SUGGESTEDPRICE,SOLD,SALE_DISCOUNT) values 
	(32,'Ford','Focus',2012,'Blue',19000,'N',0.1);
Insert into cen_vehicle (VIN,MAKE,MODEL,VEHICLEYEAR,COLOR,SUGGESTEDPRICE,SOLD,SALE_DISCOUNT) values 
	(33,'Ford','Fiesta',2011,'Red',13000,'Y',0);
Insert into cen_vehicle (VIN,MAKE,MODEL,VEHICLEYEAR,COLOR,SUGGESTEDPRICE,SOLD,SALE_DISCOUNT) values 
	(34,'Ford','Fiesta',2011,'Red',14000,'Y',0);
Insert into cen_vehicle (VIN,MAKE,MODEL,VEHICLEYEAR,COLOR,SUGGESTEDPRICE,SOLD,SALE_DISCOUNT) values 
	(35,'Ford','Fiesta',2011,'White',13000,'Y',0);
Insert into cen_vehicle (VIN,MAKE,MODEL,VEHICLEYEAR,COLOR,SUGGESTEDPRICE,SOLD,SALE_DISCOUNT) values 
	(36,'Ford','Fiesta',2011,'Black',13000,'N',0.1);
Insert into cen_vehicle (VIN,MAKE,MODEL,VEHICLEYEAR,COLOR,SUGGESTEDPRICE,SOLD,SALE_DISCOUNT) values 
	(37,'Ford','Fiesta',2012,'Red',14000,'N',0.1);
Insert into cen_vehicle (VIN,MAKE,MODEL,VEHICLEYEAR,COLOR,SUGGESTEDPRICE,SOLD,SALE_DISCOUNT) values 
	(38,'Ford','Fiesta',2012,'Red',13000,'N',0.1);
Insert into cen_vehicle (VIN,MAKE,MODEL,VEHICLEYEAR,COLOR,SUGGESTEDPRICE,SOLD,SALE_DISCOUNT) values 
	(39,'Ford','Fiesta',2012,'Black',13000,'Y',0);
Insert into cen_vehicle (VIN,MAKE,MODEL,VEHICLEYEAR,COLOR,SUGGESTEDPRICE,SOLD,SALE_DISCOUNT) values 
	(40,'Ford','Fiesta',2012,'Gray',14000,'N',0.1);
Insert into cen_vehicle (VIN,MAKE,MODEL,VEHICLEYEAR,COLOR,SUGGESTEDPRICE,SOLD,SALE_DISCOUNT) values 
	(56,'LLincoln','MKS',2011,'White',43000,'N',0.1);

REM INSERTING into cen_repairAPPOINTMENT

Insert into cen_repairAPPOINTMENT (APPTID,VIN,CUSTOMERID,MECHANICID,REPAIRID,APPT_DATE_TIME,REASON,DATE_TIME_COMPLETED) 
	values (81,'3',4,1,1,to_date('12-APR-12 09:15:00','DD-MON-RR HH24:MI:SS'),'20K Maintenance',to_date('12-APR-12 10:55:00','DD-MON-RR HH24:MI:SS'));
Insert into cen_repairAPPOINTMENT (APPTID,VIN,CUSTOMERID,MECHANICID,REPAIRID,APPT_DATE_TIME,REASON,DATE_TIME_COMPLETED) 
	values (82,'3',4,9,5,to_date('13-APR-12 11:00:00','DD-MON-RR HH24:MI:SS'),'High temperature',to_date('13-APR-12 12:20:00','DD-MON-RR HH24:MI:SS'));
Insert into cen_repairAPPOINTMENT (APPTID,VIN,CUSTOMERID,MECHANICID,REPAIRID,APPT_DATE_TIME,REASON,DATE_TIME_COMPLETED) 
	values (83,'7',10,9,1,to_date('03-MAY-12 08:00:00','DD-MON-RR HH24:MI:SS'),'15K Maintenance',to_date('03-MAY-12 09:30:00','DD-MON-RR HH24:MI:SS'));
Insert into cen_repairAPPOINTMENT (APPTID,VIN,CUSTOMERID,MECHANICID,REPAIRID,APPT_DATE_TIME,REASON,DATE_TIME_COMPLETED) 
	values (84,'7',10,9,7,to_date('01-JUN-12 09:30:00','DD-MON-RR HH24:MI:SS'),'Check engine light',to_date('01-JUN-12 11:45:00','DD-MON-RR HH24:MI:SS'));
Insert into cen_repairAPPOINTMENT (APPTID,VIN,CUSTOMERID,MECHANICID,REPAIRID,APPT_DATE_TIME,REASON,DATE_TIME_COMPLETED) 
	values (85,'5',8,1,1,to_date('20-NOV-11 09:30:00','DD-MON-RR HH24:MI:SS'),'Follow Up',to_date('20-NOV-11 10:20:00','DD-MON-RR HH24:MI:SS'));
Insert into cen_repairAPPOINTMENT (APPTID,VIN,CUSTOMERID,MECHANICID,REPAIRID,APPT_DATE_TIME,REASON,DATE_TIME_COMPLETED) 
	values (86,'10',3,4,12,to_date('13-AUG-12 08:00:00','DD-MON-RR HH24:MI:SS'),'Muffler noise',to_date('13-AUG-12 08:45:00','DD-MON-RR HH24:MI:SS'));
Insert into cen_repairAPPOINTMENT (APPTID,VIN,CUSTOMERID,MECHANICID,REPAIRID,APPT_DATE_TIME,REASON,DATE_TIME_COMPLETED) 
	values (87,'5',8,3,16,to_date('13-NOV-11 08:30:00','DD-MON-RR HH24:MI:SS'),'Shake in front end',to_date('13-NOV-11 09:15:00','DD-MON-RR HH24:MI:SS'));
Insert into cen_repairAPPOINTMENT (APPTID,VIN,CUSTOMERID,MECHANICID,REPAIRID,APPT_DATE_TIME,REASON,DATE_TIME_COMPLETED) 
	values (88,'4',6,2,1,to_date('13-NOV-11 01:30:00','DD-MON-RR HH24:MI:SS'),'20K Maintenance',to_date('13-NOV-11 14:25:00','DD-MON-RR HH24:MI:SS'));
Insert into cen_repairAPPOINTMENT (APPTID,VIN,CUSTOMERID,MECHANICID,REPAIRID,APPT_DATE_TIME,REASON,DATE_TIME_COMPLETED) 
	values (89,'4',6,1,4,to_date('05-JAN-11 08:00:00','DD-MON-RR HH24:MI:SS'),'Jerky gear shift',null);
Insert into cen_repairAPPOINTMENT (APPTID,VIN,CUSTOMERID,MECHANICID,REPAIRID,APPT_DATE_TIME,REASON,DATE_TIME_COMPLETED) 
	values (90,'3',4,2,1,to_date('15-FEB-12 09:00:00','DD-MON-RR HH24:MI:SS'),'10K Maintenance',to_date('15-FEB-12 09:55:00','DD-MON-RR HH24:MI:SS'));
Insert into cen_repairAPPOINTMENT (APPTID,VIN,CUSTOMERID,MECHANICID,REPAIRID,APPT_DATE_TIME,REASON,DATE_TIME_COMPLETED) 
	values (91,'3',4,4,2,to_date('24-SEP-12 10:00:00','DD-MON-RR HH24:MI:SS'),'Brake Job',to_date('24-SEP-12 10:42:00','DD-MON-RR HH24:MI:SS'));
Insert into cen_repairAPPOINTMENT (APPTID,VIN,CUSTOMERID,MECHANICID,REPAIRID,APPT_DATE_TIME,REASON,DATE_TIME_COMPLETED) 
	values (92,'3',5,18,15,to_date('24-SEP-12 10:15:00','DD-MON-RR HH24:MI:SS'),'Brake Job',to_date('24-SEP-12 11:15:00','DD-MON-RR HH24:MI:SS'));
Insert into cen_repairAPPOINTMENT (APPTID,VIN,CUSTOMERID,MECHANICID,REPAIRID,APPT_DATE_TIME,REASON,DATE_TIME_COMPLETED) 
	values (93,'14',2,16,15,to_date('13-NOV-11 10:30:00','DD-MON-RR HH24:MI:SS'),'Rough ride',null);
Insert into cen_repairAPPOINTMENT (APPTID,VIN,CUSTOMERID,MECHANICID,REPAIRID,APPT_DATE_TIME,REASON,DATE_TIME_COMPLETED) 
	values (95,'3',4,9,2,to_date('22-MAY-12 08:15:00','DD-MON-RR HH24:MI:SS'),'Follow up',to_date('22-MAY-12 09:07:00','DD-MON-RR HH24:MI:SS'));


REM INSERTING into cen_sale

Insert into cen_sale (SALEID,CUSTOMERID,VIN,SALESPERSONID,DATESOLD,SALEAMOUNT,TAXAMOUNT) 
	values (47,2,1,5,to_date('10-NOV-11 00:00:00','DD-MON-RR HH24:MI:SS'),36000,2160);
Insert into cen_sale (SALEID,CUSTOMERID,VIN,SALESPERSONID,DATESOLD,SALEAMOUNT,TAXAMOUNT) 
	values (48,4,3,8,to_date('01-FEB-12 00:00:00','DD-MON-RR HH24:MI:SS'),35000,2100);
Insert into cen_sale (SALEID,CUSTOMERID,VIN,SALESPERSONID,DATESOLD,SALEAMOUNT,TAXAMOUNT) 
	values (49,6,4,8,to_date('23-JAN-12 00:00:00','DD-MON-RR HH24:MI:SS'),45000,2700);
Insert into cen_sale (SALEID,CUSTOMERID,VIN,SALESPERSONID,DATESOLD,SALEAMOUNT,TAXAMOUNT) 
	values (50,8,5,2,to_date('03-MAR-12 00:00:00','DD-MON-RR HH24:MI:SS'),36000,2160);
Insert into cen_sale (SALEID,CUSTOMERID,VIN,SALESPERSONID,DATESOLD,SALEAMOUNT,TAXAMOUNT) 
	values (51,10,7,1,to_date('02-APR-12 00:00:00','DD-MON-RR HH24:MI:SS'),41000,2460);
Insert into cen_sale (SALEID,CUSTOMERID,VIN,SALESPERSONID,DATESOLD,SALEAMOUNT,TAXAMOUNT) 
	values (52,5,11,3,to_date('05-JAN-12 00:00:00','DD-MON-RR HH24:MI:SS'),29000,1740);
Insert into cen_sale (SALEID,CUSTOMERID,VIN,SALESPERSONID,DATESOLD,SALEAMOUNT,TAXAMOUNT) 
	values (53,2,12,4,to_date('07-JAN-12 00:00:00','DD-MON-RR HH24:MI:SS'),28000,1680);
Insert into cen_sale (SALEID,CUSTOMERID,VIN,SALESPERSONID,DATESOLD,SALEAMOUNT,TAXAMOUNT) 
	values (54,18,13,7,to_date('15-FEB-11 00:00:00','DD-MON-RR HH24:MI:SS'),33000,1980);
Insert into cen_sale (SALEID,CUSTOMERID,VIN,SALESPERSONID,DATESOLD,SALEAMOUNT,TAXAMOUNT) 
	values (55,15,14,5,to_date('23-SEP-11 00:00:00','DD-MON-RR HH24:MI:SS'),30000,1800);
Insert into cen_sale (SALEID,CUSTOMERID,VIN,SALESPERSONID,DATESOLD,SALEAMOUNT,TAXAMOUNT) 
	values (56,7,15,6,to_date('15-JAN-12 00:00:00','DD-MON-RR HH24:MI:SS'),34000,2040);
Insert into cen_sale (SALEID,CUSTOMERID,VIN,SALESPERSONID,DATESOLD,SALEAMOUNT,TAXAMOUNT) 
	values (57,15,16,18,to_date('05-JUN-12 00:00:00','DD-MON-RR HH24:MI:SS'),33000,1980);
Insert into cen_sale (SALEID,CUSTOMERID,VIN,SALESPERSONID,DATESOLD,SALEAMOUNT,TAXAMOUNT) 
	values (58,13,17,18,to_date('23-MAR-12 00:00:00','DD-MON-RR HH24:MI:SS'),33000,1980);
Insert into cen_sale (SALEID,CUSTOMERID,VIN,SALESPERSONID,DATESOLD,SALEAMOUNT,TAXAMOUNT) 
	values (59,18,18,15,to_date('01-JUN-12 00:00:00','DD-MON-RR HH24:MI:SS'),35000,2100);
Insert into cen_sale (SALEID,CUSTOMERID,VIN,SALESPERSONID,DATESOLD,SALEAMOUNT,TAXAMOUNT) 
	values (60,16,22,14,to_date('16-APR-12 00:00:00','DD-MON-RR HH24:MI:SS'),33000,1980);
Insert into cen_sale (SALEID,CUSTOMERID,VIN,SALESPERSONID,DATESOLD,SALEAMOUNT,TAXAMOUNT) 
	values (61,12,25,14,to_date('11-SEP-11 00:00:00','DD-MON-RR HH24:MI:SS'),17000,1020);
Insert into cen_sale (SALEID,CUSTOMERID,VIN,SALESPERSONID,DATESOLD,SALEAMOUNT,TAXAMOUNT) 
	values (62,12,26,14,to_date('12-JUN-12 00:00:00','DD-MON-RR HH24:MI:SS'),17000,1020);
Insert into cen_sale (SALEID,CUSTOMERID,VIN,SALESPERSONID,DATESOLD,SALEAMOUNT,TAXAMOUNT) 
	values (63,14,27,10,to_date('12-APR-12 00:00:00','DD-MON-RR HH24:MI:SS'),16000,960);
Insert into cen_sale (SALEID,CUSTOMERID,VIN,SALESPERSONID,DATESOLD,SALEAMOUNT,TAXAMOUNT) 
	values (64,19,28,9,to_date('21-MAY-12 00:00:00','DD-MON-RR HH24:MI:SS'),20000,1200);
Insert into cen_sale (SALEID,CUSTOMERID,VIN,SALESPERSONID,DATESOLD,SALEAMOUNT,TAXAMOUNT) 
	values (65,9,31,18,to_date('02-MAR-12 00:00:00','DD-MON-RR HH24:MI:SS'),21000,1260);
Insert into cen_sale (SALEID,CUSTOMERID,VIN,SALESPERSONID,DATESOLD,SALEAMOUNT,TAXAMOUNT) 
	values (66,2,33,15,to_date('03-JUN-12 00:00:00','DD-MON-RR HH24:MI:SS'),14000,840);
Insert into cen_sale (SALEID,CUSTOMERID,VIN,SALESPERSONID,DATESOLD,SALEAMOUNT,TAXAMOUNT) 
	values (67,20,34,16,to_date('01-JUN-12 00:00:00','DD-MON-RR HH24:MI:SS'),15000,900);
Insert into cen_sale (SALEID,CUSTOMERID,VIN,SALESPERSONID,DATESOLD,SALEAMOUNT,TAXAMOUNT) 
	values (68,11,35,18,to_date('15-MAR-12 00:00:00','DD-MON-RR HH24:MI:SS'),14000,840);
Insert into cen_sale (SALEID,CUSTOMERID,VIN,SALESPERSONID,DATESOLD,SALEAMOUNT,TAXAMOUNT) 
	values (69,17,39,9,to_date('16-APR-12 00:00:00','DD-MON-RR HH24:MI:SS'),15000,900);
